ImageName,AbNormalType,xmin,ymin,xmax,ymax
person11_virus_38.jpeg,Pneumonia,437,599,576,760
person17_virus_48.jpeg,Pneumonia,352,179,455,334
30205873_10.jpg,Pneumonia,89,211,216,359
30205873_10.jpg,Pneumonia,371,225,452,271
72204356_36.jpg,Pneumonia,338,111,392,153
72204356_36.jpg,Pneumonia,108,145,141,181
142026264_50.jpg,Pneumonia,151,147,187,205
432034657_55.jpg,Pneumonia,300,150,327,174
432035567_61.jpg,Pneumonia,120,186,143,220
1020123537_35.jpg,Pneumonia,311,186,338,244
1020123537_35.jpg,Pneumonia,88,154,119,204
1020124683_38.jpg,Pneumonia,111,64,144,105
person8_virus_28.jpeg,Pneumonia,584,139,673,255
